ID,job_roles_id,name,gender,ph_no,email
1,14,David Hart,Male,+91 7878934055,David Hart055@gmail.com
2,14,Jim Jackson,Male,+91 0712660174,Jim Jackson174@gmail.com
3,14,Ashley Montoya,Female,+91 3530761469,Ashley Montoya469@gmail.com
4,14,Steven Spencer,Male,+91 3734029233,Steven Spencer233@gmail.com
5,14,Jessica Johnson,Female,+91 5098560837,Jessica Johnson837@gmail.com
6,14,Bobby Watts,Male,+91 0278828572,Bobby Watts572@gmail.com
7,14,Douglas White,Male,+91 9895521921,Douglas White921@gmail.com
8,14,Juan Hanna,Male,+91 3557663611,Juan Hanna611@gmail.com
9,14,Alicia Schroeder,Female,+91 9812901471,Alicia Schroeder471@gmail.com
10,14,John Lawrence,Male,+91 9623384330,John Lawrence330@gmail.com
11,14,Franklin Reyes,Male,+91 6530329483,Franklin Reyes483@gmail.com
12,14,Craig Schwartz,Male,+91 1219416601,Craig Schwartz601@gmail.com
13,14,Gregory Holmes,Male,+91 3928619976,Gregory Holmes976@gmail.com
14,14,Abigail Sharp,Female,+91 8846362378,Abigail Sharp378@gmail.com
15,14,Rebecca Simon,Female,+91 5530563735,Rebecca Simon735@gmail.com
16,14,Adam Riley,Male,+91 4094279324,Adam Riley324@gmail.com
17,14,Christopher Stewart,Male,+91 2525572818,Christopher Stewart818@gmail.com
18,14,Colton Moss,Male,+91 9499277005,Colton Moss005@gmail.com
19,14,Joseph Stark,Male,+91 7626440259,Joseph Stark259@gmail.com
20,14,John Duncan,Male,+91 5988671886,John Duncan886@gmail.com
21,15,Breanna Christensen,Female,+91 2531282048,Breanna Christensen048@gmail.com
22,15,Zachary Jarvis,Male,+91 3309616815,Zachary Jarvis815@gmail.com
23,15,Sarah Foley,Female,+91 7262137054,Sarah Foley054@gmail.com
24,15,Sandra Jackson,Female,+91 7928943655,Sandra Jackson655@gmail.com
25,15,Maxwell Gutierrez,Male,+91 6879862812,Maxwell Gutierrez812@gmail.com
26,15,Amber Campbell,Female,+91 7202812936,Amber Campbell936@gmail.com
27,15,William Rios,Male,+91 8294639249,William Rios249@gmail.com
28,15,Kim Hughes,Female,+91 7268365647,Kim Hughes647@gmail.com
29,15,Lawrence Harper,Male,+91 7291452187,Lawrence Harper187@gmail.com
30,15,Casey Jackson,Female,+91 6906742996,Casey Jackson996@gmail.com
31,15,Edward Reese,Male,+91 1250671673,Edward Reese673@gmail.com
32,15,Mr. Gregory Lyons,Male,+91 0985667089,Mr. Gregory Lyons089@gmail.com
33,15,Marc Hayes,Male,+91 8284048579,Marc Hayes579@gmail.com
34,15,Clarence Vazquez,Male,+91 7200039935,Clarence Vazquez935@gmail.com
35,15,Jake Moyer,Male,+91 8129665980,Jake Moyer980@gmail.com
36,15,Gregory Smith,Male,+91 4281035810,Gregory Smith810@gmail.com
37,15,Jamie Schmidt,Female,+91 4452439663,Jamie Schmidt663@gmail.com
38,15,John Woods,Male,+91 9189591300,John Woods300@gmail.com
39,15,Adam Hill,Male,+91 1368253767,Adam Hill767@gmail.com
40,15,Aaron Maxwell,Male,+91 0464990402,Aaron Maxwell402@gmail.com
41,16,Janice Chavez,Female,+91 7194830260,Janice Chavez260@gmail.com
42,16,Robert Barnett,Male,+91 0746758255,Robert Barnett255@gmail.com
43,16,Brian Valdez,Male,+91 1375107972,Brian Valdez972@gmail.com
44,16,William Parker,Male,+91 4764739654,William Parker654@gmail.com
45,16,Michael Keith,Male,+91 4086102179,Michael Keith179@gmail.com
46,16,Marcus Estrada,Male,+91 2504484779,Marcus Estrada779@gmail.com
47,16,William Wells,Male,+91 3664463490,William Wells490@gmail.com
48,16,John Greene,Male,+91 2093715033,John Greene033@gmail.com
49,16,Kristen Brennan,Female,+91 5661138915,Kristen Brennan915@gmail.com
50,16,William Duke,Male,+91 9493629015,William Duke015@gmail.com
51,17,Lydia Murphy,Female,+91 3600332913,Lydia Murphy913@gmail.com
52,17,Jennifer Moran,Female,+91 1665359959,Jennifer Moran959@gmail.com
53,17,Gary Richardson,Male,+91 0051188671,Gary Richardson671@gmail.com
54,17,Joseph Davis,Male,+91 7157139182,Joseph Davis182@gmail.com
55,17,Raymond Castillo,Male,+91 7849329003,Raymond Castillo003@gmail.com
56,17,Darlene Williams,Female,+91 5868131336,Darlene Williams336@gmail.com
57,17,Justin Berry,Male,+91 6292565112,Justin Berry112@gmail.com
58,17,James Ibarra,Male,+91 3639987204,James Ibarra204@gmail.com
59,17,Paul Lee,Male,+91 1743686730,Paul Lee730@gmail.com
60,17,Teresa Wilkinson,Female,+91 3327225963,Teresa Wilkinson963@gmail.com
61,18,Sydney Burton,Female,+91 7512805884,Sydney Burton884@gmail.com
62,18,Melissa Smith,Female,+91 5430842299,Melissa Smith299@gmail.com
63,18,Casey Morse,Female,+91 3798138003,Casey Morse003@gmail.com
64,18,Collin Fox,Male,+91 9549574185,Collin Fox185@gmail.com
65,18,Christina Montoya,Female,+91 6880116287,Christina Montoya287@gmail.com
66,18,Adam Lopez,Male,+91 3442315225,Adam Lopez225@gmail.com
67,18,Lori Murillo,Female,+91 2765020142,Lori Murillo142@gmail.com
68,18,Kathryn Small,Female,+91 4866056988,Kathryn Small988@gmail.com
69,18,Amanda Kemp,Female,+91 0010597991,Amanda Kemp991@gmail.com
70,18,Alan Baker,Male,+91 6157045680,Alan Baker680@gmail.com
71,18,Kelly Jordan,Female,+91 1966331889,Kelly Jordan889@gmail.com
72,18,Aaron Murray,Male,+91 9966522923,Aaron Murray923@gmail.com
73,22,Mark Martin,Male,+91 5251333144,Mark Martin144@gmail.com
74,22,Bryan Beck DDS,Male,+91 9056066786,Bryan Beck DDS786@gmail.com
75,22,Robert Stevens,Male,+91 2599937077,Robert Stevens077@gmail.com
76,22,Jason Campbell,Male,+91 5594010962,Jason Campbell962@gmail.com
77,22,Wendy Sullivan,Female,+91 8896134527,Wendy Sullivan527@gmail.com
78,22,Jennifer Myers,Female,+91 1452157023,Jennifer Myers023@gmail.com
79,22,Andrew Evans,Male,+91 3570345329,Andrew Evans329@gmail.com
80,22,Joshua Nixon,Male,+91 8648661301,Joshua Nixon301@gmail.com
81,22,William Gonzalez,Male,+91 2540727733,William Gonzalez733@gmail.com
82,22,Michael Castillo,Male,+91 7042691117,Michael Castillo117@gmail.com
83,22,Richard Owens,Male,+91 1329020596,Richard Owens596@gmail.com
84,22,Thomas Campbell,Male,+91 3368728728,Thomas Campbell728@gmail.com
85,22,Terry Mcclure,Male,+91 3570023929,Terry Mcclure929@gmail.com
86,22,Steven White,Male,+91 3689515420,Steven White420@gmail.com
87,22,Philip Mendoza,Male,+91 3566439867,Philip Mendoza867@gmail.com
88,22,Brittney Wall,Female,+91 3572511889,Brittney Wall889@gmail.com
89,22,Kelly Hobbs,Female,+91 6111949329,Kelly Hobbs329@gmail.com
90,22,Henry Taylor,Male,+91 0265928691,Henry Taylor691@gmail.com
91,22,Jessica Turner,Female,+91 8830086691,Jessica Turner691@gmail.com
92,22,Adam Roth,Male,+91 9899476726,Adam Roth726@gmail.com
93,23,Kendra Wilson,Female,+91 1186968233,Kendra Wilson233@gmail.com
94,23,Dalton Lee,Male,+91 9951291218,Dalton Lee218@gmail.com
95,23,Paul Fleming,Male,+91 5379415106,Paul Fleming106@gmail.com
96,23,Erin Cabrera,Female,+91 3808516171,Erin Cabrera171@gmail.com
97,23,Eric Davis,Male,+91 5342606628,Eric Davis628@gmail.com
98,23,Ronald Gray,Male,+91 8182348631,Ronald Gray631@gmail.com
99,23,Don Davidson,Male,+91 8335293568,Don Davidson568@gmail.com
100,23,Alyssa Murphy,Female,+91 6310618938,Alyssa Murphy938@gmail.com
101,23,Ann Huber,Female,+91 6456973429,Ann Huber429@gmail.com
102,23,Jimmy Brown,Male,+91 0256845863,Jimmy Brown863@gmail.com
103,24,Aaron Williamson,Male,+91 2466993433,Aaron Williamson433@gmail.com
104,24,Patricia Brewer,Female,+91 3680305474,Patricia Brewer474@gmail.com
105,24,Kevin Miller,Male,+91 8050977264,Kevin Miller264@gmail.com
106,24,Benjamin Davenport,Male,+91 0624447648,Benjamin Davenport648@gmail.com
107,24,Eric Perez,Male,+91 4946347421,Eric Perez421@gmail.com
108,24,Courtney Stone,Female,+91 6295287074,Courtney Stone074@gmail.com
109,24,Jennifer Martinez,Female,+91 1700376776,Jennifer Martinez776@gmail.com
110,24,Dominic Hanna,Male,+91 6793943750,Dominic Hanna750@gmail.com
111,24,Nicholas Brooks,Male,+91 6886388679,Nicholas Brooks679@gmail.com
112,24,Luis Pena,Male,+91 7906817014,Luis Pena014@gmail.com
113,24,Haley Shelton,Female,+91 1023507081,Haley Shelton081@gmail.com
114,24,Stephen Walsh,Male,+91 8031569232,Stephen Walsh232@gmail.com
115,24,Phillip Mitchell,Male,+91 5814816605,Phillip Mitchell605@gmail.com
116,24,Barbara Hendricks,Female,+91 8610321282,Barbara Hendricks282@gmail.com
117,24,Scott Quinn,Male,+91 4288848146,Scott Quinn146@gmail.com
118,24,Rebecca Walker,Female,+91 3422311464,Rebecca Walker464@gmail.com
119,24,Bryan Decker,Male,+91 9662452909,Bryan Decker909@gmail.com
120,24,Blake Dodson,Male,+91 7472770399,Blake Dodson399@gmail.com
121,24,John Moreno,Male,+91 9630852536,John Moreno536@gmail.com
122,24,Brian Terrell,Male,+91 2572326661,Brian Terrell661@gmail.com
123,24,Charles Robinson,Male,+91 9997478210,Charles Robinson210@gmail.com
124,24,Preston Kennedy,Male,+91 5822195388,Preston Kennedy388@gmail.com
125,24,Alexander Huffman,Male,+91 7605754375,Alexander Huffman375@gmail.com
126,24,Donna Johnson,Female,+91 7301143029,Donna Johnson029@gmail.com
127,24,Molly Wilson,Female,+91 9773841117,Molly Wilson117@gmail.com
128,25,Miranda Smith,Female,+91 1083610889,Miranda Smith889@gmail.com
129,25,Tina Thompson,Female,+91 8898295176,Tina Thompson176@gmail.com
130,25,James Montgomery,Male,+91 6900845979,James Montgomery979@gmail.com
131,25,Johnny West,Male,+91 2677388197,Johnny West197@gmail.com
132,25,Joshua Cross,Male,+91 1770622335,Joshua Cross335@gmail.com
133,25,Susan Barber,Female,+91 8023289987,Susan Barber987@gmail.com
134,25,Aaron Anderson,Male,+91 8149550432,Aaron Anderson432@gmail.com
135,25,Victor Gray,Male,+91 0110898964,Victor Gray964@gmail.com
136,25,Thomas Johnston,Male,+91 5059522091,Thomas Johnston091@gmail.com
137,25,Ashlee Higgins,Female,+91 3221524450,Ashlee Higgins450@gmail.com
138,25,Matthew Lopez,Male,+91 3147992599,Matthew Lopez599@gmail.com
139,25,Elizabeth Boyer,Female,+91 6085473949,Elizabeth Boyer949@gmail.com
140,25,Aaron Rowland,Male,+91 6373468010,Aaron Rowland010@gmail.com
141,25,Bruce Davies,Male,+91 4351224700,Bruce Davies700@gmail.com
142,25,Billy Johnson,Male,+91 3880771764,Billy Johnson764@gmail.com
143,26,Tyler Wheeler,Male,+91 7073118410,Tyler Wheeler410@gmail.com
144,26,Michael Arellano,Male,+91 2553074158,Michael Arellano158@gmail.com
145,26,Daniel Jackson,Male,+91 9223484960,Daniel Jackson960@gmail.com
146,26,James Becker,Male,+91 8924888819,James Becker819@gmail.com
147,26,Jeffrey Martinez,Male,+91 9284433530,Jeffrey Martinez530@gmail.com
148,26,Stacy Pennington,Female,+91 4355737099,Stacy Pennington099@gmail.com
149,26,Mark Bullock,Male,+91 1694896495,Mark Bullock495@gmail.com
150,26,Richard Trujillo,Male,+91 7705819274,Richard Trujillo274@gmail.com
151,26,Lisa Fowler,Female,+91 2100487356,Lisa Fowler356@gmail.com
152,26,Gabriel Hernandez,Male,+91 5203406836,Gabriel Hernandez836@gmail.com
153,26,Brittany Underwood,Female,+91 5335045698,Brittany Underwood698@gmail.com
154,26,Alyssa Miles,Female,+91 6832351892,Alyssa Miles892@gmail.com
155,26,John Medina,Male,+91 7174765388,John Medina388@gmail.com
156,26,Tyler Cox,Male,+91 5623316705,Tyler Cox705@gmail.com
157,26,Amanda Elliott,Female,+91 2835762483,Amanda Elliott483@gmail.com
158,26,Kevin Baird,Male,+91 8900243801,Kevin Baird801@gmail.com
159,26,Kara Williams,Female,+91 0107330547,Kara Williams547@gmail.com
160,26,Kathleen Taylor,Female,+91 8678693526,Kathleen Taylor526@gmail.com
161,26,Brent Dalton,Male,+91 1652871195,Brent Dalton195@gmail.com
162,26,Joseph Kerr,Male,+91 0090739419,Joseph Kerr419@gmail.com
163,26,Charles Cruz,Male,+91 8112730219,Charles Cruz219@gmail.com
164,26,Andrea Chapman,Female,+91 4186380479,Andrea Chapman479@gmail.com
165,26,Olivia Anthony,Female,+91 7837680900,Olivia Anthony900@gmail.com
166,26,Angela Smith,Female,+91 7773110432,Angela Smith432@gmail.com
167,26,Michael Smith,Male,+91 5583130432,Michael Smith432@gmail.com
168,26,Darryl Patton,Male,+91 3324102604,Darryl Patton604@gmail.com
169,26,Robert Walker,Male,+91 8944046568,Robert Walker568@gmail.com
170,26,Pamela Payne,Female,+91 7661703506,Pamela Payne506@gmail.com
171,26,Allen Williams,Male,+91 9423293719,Allen Williams719@gmail.com
172,26,William Rose,Male,+91 8709795774,William Rose774@gmail.com
173,26,Steven Murray,Male,+91 7101701005,Steven Murray005@gmail.com
174,26,Brandon Esparza,Male,+91 9105473601,Brandon Esparza601@gmail.com
175,26,Shaun Moses,Male,+91 3748449082,Shaun Moses082@gmail.com
176,26,Becky Clark,Female,+91 7784544387,Becky Clark387@gmail.com
177,26,Joanna Bird,Female,+91 0369461586,Joanna Bird586@gmail.com
178,26,Colin Woods,Male,+91 8385106206,Colin Woods206@gmail.com
179,26,Kathleen Mitchell,Female,+91 3282297319,Kathleen Mitchell319@gmail.com
180,26,Randall Solomon,Male,+91 4883599966,Randall Solomon966@gmail.com
181,26,Alison Curtis,Female,+91 6722382350,Alison Curtis350@gmail.com
182,26,Manuel Graham,Male,+91 9801404361,Manuel Graham361@gmail.com
183,26,Elizabeth Powell,Female,+91 5764848987,Elizabeth Powell987@gmail.com
184,26,Mark Kelley,Male,+91 5089710167,Mark Kelley167@gmail.com
185,26,Tammy House,Female,+91 5819973578,Tammy House578@gmail.com
186,26,Jeffrey Phillips,Male,+91 0738550432,Jeffrey Phillips432@gmail.com
187,26,Alfred Price,Male,+91 3289166858,Alfred Price858@gmail.com
188,26,Aaron Anderson,Male,+91 3723774623,Aaron Anderson623@gmail.com
189,26,Laura Miller,Female,+91 5437913189,Laura Miller189@gmail.com
190,26,Brandon Lopez,Male,+91 5192619225,Brandon Lopez225@gmail.com
191,26,Christopher Hopkins,Male,+91 7618472344,Christopher Hopkins344@gmail.com
192,26,Tyler Fitzpatrick,Male,+91 2862717405,Tyler Fitzpatrick405@gmail.com
193,27,Lawrence Powell,Male,+91 4124079757,Lawrence Powell757@gmail.com
194,27,Fernando Clark,Male,+91 2288954084,Fernando Clark084@gmail.com
195,27,Brett Lopez,Male,+91 4458405639,Brett Lopez639@gmail.com
196,27,Dennis Bentley,Male,+91 4784416207,Dennis Bentley207@gmail.com
197,27,Kenneth Li,Male,+91 4842467866,Kenneth Li866@gmail.com
198,27,Katherine Swanson,Female,+91 8395999410,Katherine Swanson410@gmail.com
199,27,Brady Johnson,Male,+91 7046056752,Brady Johnson752@gmail.com
200,27,Robert Fitzgerald,Male,+91 0611446199,Robert Fitzgerald199@gmail.com
201,27,Joshua Ball,Male,+91 5746239934,Joshua Ball934@gmail.com
202,27,Lisa Lopez,Female,+91 2052158531,Lisa Lopez531@gmail.com
203,28,Sheryl Bowen,Female,+91 1008884294,Sheryl Bowen294@gmail.com
204,28,Theresa Garcia,Female,+91 6092587768,Theresa Garcia768@gmail.com
205,28,Penny Larsen,Female,+91 3240001659,Penny Larsen659@gmail.com
206,28,Emma Savage,Female,+91 2828046218,Emma Savage218@gmail.com
207,28,Amanda Moreno,Female,+91 3183792215,Amanda Moreno215@gmail.com
208,28,Richard Orozco,Male,+91 6342732487,Richard Orozco487@gmail.com
209,28,Sherry Berger,Female,+91 3070269871,Sherry Berger871@gmail.com
210,28,Christopher Hood,Male,+91 7030196252,Christopher Hood252@gmail.com
211,28,Emily Cole,Female,+91 2393242811,Emily Cole811@gmail.com
212,28,Beverly Briggs,Female,+91 2242391825,Beverly Briggs825@gmail.com
